model,mape,wmape,smape
Prophet,0.0542592211998087,0.054382118617455906,0.055833570723060784
