model,mape,wmape,smape
Prophet,0.049177610999716216,0.04931710851848845,0.05048626077548442
