model,mape,wmape,smape
Prophet,0.049118196248911186,0.04925766737257219,0.05042378260514396
