model,mape,wmape,smape
Prophet,0.09352534766054149,0.09266460239202517,0.08892843434131306
