model,mape,wmape,smape
Prophet,0.9879492314460631,0.9373447348589911,1.4897213934850777
